Type	others	type|_start_|cmu.andrew.official.cmu-new|true|false|false|false|false|false|false|false|false|NN
cmu.andrew.official.cmu-news	others	cmu.andrew.official.cmu-new|type|_end_|false|false|false|false|false|false|false|false|false|NNS

Topic	others	topic|_start_|cheme|true|false|false|false|false|false|false|false|false|NN
ChemE	others	cheme|topic|physic|false|false|false|false|false|false|false|false|false|NN
Physics	others	physic|cheme|seminar|true|false|false|false|false|false|false|false|false|NN
Seminar	others	seminar|physic|_end_|true|false|false|false|false|false|false|false|false|NN

Dates	others	date|_start_|27-feb-95|true|false|false|false|false|false|false|false|false|NNS
27-Feb-95	others	27-feb-95|date|_end_|false|false|false|false|false|false|false|false|false|NN

Time	others	time|_start_|4:30|true|false|false|false|false|false|false|false|false|NNP
4:30	stime	4:30|time|pm|false|false|false|false|false|false|false|false|false|CD
PM	stime	pm|4:30|_end_|false|true|false|true|false|false|false|false|false|NN

PostedBy	others	postedbi|_start_|bruce|false|false|false|false|true|false|false|false|false|NNP
Bruce	others	bruce|postedbi|gerson|true|false|false|false|false|true|false|false|false|NNP
Gerson	others	gerson|bruce|on|true|false|false|false|false|true|false|false|false|NNP
on	others	on|gerson|21-feb-95|false|false|false|false|false|false|false|false|false|IN
21-Feb-95	others	21-feb-95|on|at|false|false|false|false|false|false|false|false|false|NN
at	others	at|21-feb-95|15:21|false|false|false|false|false|false|false|false|false|IN
15:21	others	15:21|at|from|false|false|false|false|false|false|false|false|false|CD
from	others	from|15:21|andrew.cmu.edu|false|false|false|false|false|false|false|false|false|IN
andrew.cmu.edu	others	andrew.cmu.edu|from|_end_|false|false|false|false|false|false|false|false|false|NN

Abstract	others	abstract|_start_|_end_|true|false|false|false|false|false|false|false|false|JJ

The	others	the|_start_|chemic|true|false|false|false|false|false|false|false|false|DT
Chemical	others	chemic|the|engin|true|false|false|false|false|false|false|false|false|NNP
Engineering	others	engin|chemic|and|true|false|false|false|false|false|false|false|false|NNP
and	others	and|engin|physic|false|false|false|false|false|false|false|false|false|CC
Physics	others	physic|and|depart|true|false|false|false|false|false|false|false|false|NN
departments	others	depart|physic|will|false|false|false|false|false|false|false|false|false|NNS
will	others	will|depart|host|false|false|false|false|false|false|false|false|false|MD
host	others	host|will|a|false|false|false|false|false|false|false|false|false|VB
a	others	a|host|seminar|false|false|false|false|false|false|false|false|false|DT
seminar	others	seminar|a|_end_|false|false|false|false|false|false|false|false|false|NN

entitled	others	entitl|_start_|soft|false|false|false|false|false|false|false|false|false|VBN
Soft	others	soft|entitl|matter|true|false|false|false|false|false|false|false|false|NNP
Matter	others	matter|soft|in|true|false|false|false|false|false|false|false|false|NNP
in	others	in|matter|a|false|false|false|false|false|false|false|false|false|IN
a	others	a|in|tight|false|false|false|false|false|false|false|false|false|DT
Tight	others	tight|a|spot|true|false|false|false|false|false|false|false|false|JJ
Spot	others	spot|tight|nanorheolog|true|false|false|false|false|false|false|false|false|NN
Nanorheology	others	nanorheolog|spot|of|true|false|false|false|false|false|false|false|false|NN
of	others	of|nanorheolog|polym|false|false|false|false|false|false|false|false|false|IN
Polymers	others	polym|of|_end_|true|false|false|false|false|false|false|false|false|NNP

Complex	others	complex|_start_|fluid|true|false|false|false|false|false|false|false|false|NN
Fluids	others	fluid|complex|at|true|false|false|false|false|false|false|false|false|NNS
at	others	at|fluid|4:30|false|false|false|false|false|false|false|false|false|IN
4:30	stime	4:30|at|p.|false|false|false|false|false|false|false|false|false|CD
p.	stime	p.|4:30|m|false|false|false|false|false|false|false|false|false|NN
m	stime	m|p.|mondai|false|false|false|false|false|false|false|false|false|NN
Monday	others	mondai|m|feb.|true|false|false|false|false|false|false|false|true|NNP
Feb.	others	feb.|mondai|27|false|false|false|false|false|false|false|false|true|NNP
27	others	27|feb.|in|false|false|false|false|false|false|false|false|true|CD
in	others	in|27|wean|false|false|false|false|false|false|false|false|false|IN
Wean	location	wean|in|hall|true|false|false|false|false|false|false|false|false|NNP
Hall	location	hall|wean|7500|true|false|false|false|false|false|false|false|false|NNP
7500	location	7500|hall|_end_|false|false|false|false|false|false|false|false|false|CD

The	others	the|_start_|seminar|true|false|false|false|false|false|false|false|false|DT
seminar	others	seminar|the|will|false|false|false|false|false|false|false|false|false|NN
will	others	will|seminar|be|false|false|false|false|false|false|false|false|false|MD
be	others	be|will|give|false|false|false|false|false|false|false|false|false|VB
given	others	give|be|by|false|false|false|false|false|false|false|false|false|VBN
by	others	by|give|professor|false|false|false|false|false|false|false|false|false|IN
Professor	speaker	professor|by|steven|true|false|false|false|false|true|false|false|false|NNP
Steven	speaker	steven|professor|granick|true|false|false|false|false|true|false|false|false|NNP
Granick	speaker	granick|steven|from|true|false|false|false|false|true|false|false|false|NNP
from	others	from|granick|the|false|false|false|false|false|false|false|false|false|IN
the	others	the|from|materi|false|false|false|false|false|false|false|false|false|DT
Materials	others	materi|the|_end_|true|false|false|false|false|false|false|false|false|NNPS

Science	others	scienc|_start_|depart|true|false|false|false|false|false|false|false|false|NNP
Department	others	depart|scienc|at|true|false|false|false|false|false|false|false|false|NNP
at	others	at|depart|univers|false|false|false|false|false|false|false|false|false|IN
University	others	univers|at|of|true|false|false|false|false|false|false|false|false|NNP
of	others	of|univers|illinoi|false|false|false|false|false|false|false|false|false|IN
Illinois	others	illinoi|of|urbana-champaign|true|false|false|false|false|false|false|false|false|NNP
Urbana-Champaign	others	urbana-champaign|illinoi|_end_|false|false|false|false|false|false|false|false|false|NNP

